Date,Client,Project,Project Code,Task,Notes,Hours,Billable?,Invoiced?,Approved?,First Name,Last Name,Employee?,External Reference URL
2024-05-24,Paul PLC,Maximize intuitive markets,BMC2315,Synergized secondary algorithm,Situation ahead poor same party space.,3.3,Yes,Yes,No,Ryan,Ellis,Yes,
2024-11-11,Ellis-Kennedy,Evolve frictionless deliverables,BJJ1048,Total mobile structure,Race population civil stop organization smile bad not part choose seem international computer.,7.9,Yes,Yes,Yes,John,Coleman,No,
2024-11-06,"Waller, Berger and Todd",Aggregate scalable e-services,QYE1413,Decentralized uniform emulation,Child shoulder who suddenly report form gun.,3.8,No,Yes,Yes,Heather,Hatfield,Yes,https://www.anderson.com/
2024-08-27,Benitez Group,Architect visionary mindshare,FEB2292,Synchronized eco-centric migration,Marriage represent such game any wide stuff establish remember.,4.2,Yes,Yes,Yes,Nicholas,Kennedy,No,
2024-11-20,Acosta-Nguyen,Unleash proactive web-readiness,LPL5266,Re-contextualized zero administration neural-net,Close stop yeah clear daughter international he station standard.,2.6,Yes,Yes,Yes,Justin,Jackson,Yes,https://www.shaw.com/
2024-07-28,Watson Ltd,Optimize revolutionary e-tailers,LRH2876,Enterprise-wide 5thgeneration moratorium,Vote report along system third help.,4.4,Yes,Yes,Yes,Melissa,Young,Yes,
2024-07-30,"Ingram, Parker and Lambert",Engineer granular methodologies,KDL6272,Multi-layered analyzing ability,Past but seat condition way interview girl them.,7.3,No,Yes,No,Annette,Lee,No,
2024-02-12,Parsons-Robinson,Implement customized synergies,KKT674,Re-engineered disintermediate task-force,Practice Mr health summer may road pressure similar green medical subject.,2.8,No,No,Yes,Cole,Dixon,Yes,http://www.jacobson.net/
2024-02-25,Campbell Inc,Enable interactive experiences,TMG7301,Profit-focused dedicated strategy,Involve item clear have operation budget government resource thought ever walk.,1.6,Yes,Yes,Yes,Anthony,Davis,Yes,https://cochran-stevens.com/
2024-01-04,"Smith, Rivera and Holmes",Aggregate cross-media web-readiness,MEH4379,Enterprise-wide 4thgeneration matrices,Defense fear store when dark financial certain car.,1.3,Yes,Yes,No,Kathryn,Johnson,No,
2024-04-19,Fitzgerald and Sons,Aggregate web-enabled networks,YHN2768,User-centric systemic architecture,Process leg usually civil worry whether.,5.1,Yes,No,No,Brandy,Todd,Yes,
2024-07-22,Herrera LLC,Drive sticky mindshare,RVH3176,Triple-buffered optimizing moderator,Stage close then wonder along conference religious move herself.,6.7,No,Yes,No,Richard,Cardenas,No,http://newman-jackson.biz/
2024-10-07,"Hill, Moss and Roman",Transition frictionless synergies,KXO5746,Front-line value-added process improvement,Friend interesting ability herself improve even.,5.0,No,Yes,No,James,Stanton,Yes,http://www.hernandez.org/
2024-02-25,Juarez-Wilson,Morph integrated partnerships,BBJ5841,Seamless tertiary access,Foot benefit usually spend foreign along.,6.4,Yes,Yes,Yes,Cathy,Ramirez,No,
2024-03-27,Rasmussen-Green,Enable out-of-the-box infrastructures,YCE8014,Mandatory modular conglomeration,Democratic computer thus government space where organization material agree news.,6.2,No,No,Yes,Katherine,Torres,Yes,http://www.morgan.com/
2024-01-15,Osborne Group,Cultivate impactful paradigms,WRB5027,Multi-tiered fault-tolerant process improvement,Almost participant give born include off design item machine history activity edge glass.,0.9,Yes,No,No,Julie,Reeves,No,
2024-09-09,Parks LLC,Drive rich interfaces,GPK5556,Reduced discrete hardware,Grow government green maintain long thank between plan institution suggest sure not week.,7.1,No,No,No,Diana,Bright,Yes,
2024-10-13,Odom-Chavez,Integrate b2b systems,JJD7236,Digitized methodical methodology,Risk exist either just once paper try car.,2.0,No,Yes,Yes,Cynthia,Green,Yes,
2024-06-28,Guerrero-Davis,Generate robust web-readiness,WSS1179,Front-line methodical project,Camera role care onto water study reflect door camera fall.,7.8,Yes,No,No,Thomas,Armstrong,No,
2024-11-26,Patrick Ltd,Expedite next-generation niches,YGV9799,Persevering multi-state hierarchy,Authority meeting painting answer blue quality main father her national guess.,4.6,No,No,No,Kimberly,Williams,No,https://www.gross.biz/
2024-11-10,"Elliott, Velasquez and Welch",Re-contextualize proactive niches,LGV2293,Multi-layered next generation customer loyalty,Security sort anyone economic it nothing easy detail majority medical.,7.0,Yes,Yes,No,Tiffany,Liu,Yes,
2023-12-20,"James, Carr and Estrada",Matrix innovative paradigms,CAH1578,Distributed upward-trending methodology,Black gun personal nice hair while than option such.,4.1,Yes,Yes,Yes,Debra,Chang,No,
2024-02-18,"Adams, Torres and Edwards",Incubate enterprise interfaces,JUS6765,Cloned user-facing extranet,Summer however use resource today care.,0.9,No,No,Yes,Amy,Case,No,https://christian.com/
2024-02-14,"Campbell, Harrington and Davis",Facilitate compelling experiences,YUO4696,Synergistic content-based knowledgebase,May human represent customer budget president own him crime wear.,1.0,Yes,Yes,Yes,Kimberly,Gomez,Yes,
2024-01-13,Lopez-Cook,Incentivize synergistic metrics,SDU6002,Object-based optimal moderator,Government hair believe loss fly student challenge stop stand exist other.,2.7,No,No,Yes,Michael,Barker,Yes,
2024-03-24,Williams-Solis,Reinvent enterprise e-markets,EZG9992,Reactive zero tolerance capacity,From much guess civil go poor at ready trouble group.,5.7,No,Yes,Yes,David,Wu,No,
2024-07-20,Barrett-Hansen,Scale collaborative experiences,WUB7329,Polarized 6thgeneration neural-net,Voice up despite charge PM resource task walk will note require tend.,2.0,No,No,Yes,Danielle,Torres,No,https://myers.org/
2023-12-16,"Walker, Sullivan and Robbins",Enhance innovative action-items,ODP1249,Reverse-engineered human-resource ability,Public season good yeah air challenge ever result fact once woman.,1.0,No,No,Yes,Jeffrey,Tanner,Yes,http://floyd.biz/
2024-01-16,Simpson-Allen,Engineer scalable e-markets,OFV6341,Virtual solution-oriented contingency,Or strategy material possible live approach this east rest.,2.1,Yes,Yes,Yes,Jennifer,Perez,No,
2023-12-20,"Hopkins, Bridges and Taylor",Drive rich methodologies,ZCX2669,Synergized 6thgeneration database,Probably church quickly hair follow war kid of.,7.6,Yes,No,No,Jacqueline,Adams,No,
2024-04-21,"Medina, Taylor and Douglas",Re-contextualize 24/7 networks,FQS6569,Re-contextualized 6thgeneration initiative,Phone quite computer describe dark too nor civil blood action.,2.7,Yes,Yes,Yes,Kelly,Smith,Yes,
2024-07-14,Dorsey LLC,Transform revolutionary eyeballs,AKI2829,Optional intermediate strategy,Her wish kid court life result image.,3.1,No,No,Yes,Michael,Cooper,Yes,
2024-07-28,Bowen PLC,Enhance cutting-edge channels,MXL5312,Reactive cohesive migration,Television blue general attack Democrat machine hope.,0.5,Yes,Yes,Yes,Patty,Hansen,Yes,
2024-10-26,Johnson-Perez,Seize proactive e-tailers,ORN3413,Monitored well-modulated protocol,Air degree also guess behavior table leader card investment deep whole born maintain.,5.6,No,Yes,No,Eduardo,Patrick,No,
2024-01-01,Jones Group,Scale vertical systems,YET5166,User-friendly grid-enabled hardware,Order physical financial rise truth source.,7.2,No,Yes,No,Leslie,James,Yes,http://www.smith.info/
2024-07-27,Peterson PLC,Morph visionary technologies,GYG1945,Balanced system-worthy support,Recent behind third time husband worry performance.,0.8,No,No,No,Travis,Ryan,Yes,
2024-03-17,Morales and Sons,Monetize best-of-breed communities,KXK6319,Switchable needs-based emulation,Continue treat amount special sound growth tonight either meet focus.,1.0,No,Yes,Yes,Jane,Holt,Yes,
2024-02-16,Hunter-Jones,Evolve wireless content,OHE3209,Networked grid-enabled analyzer,Because would bank sound health cultural morning action with official identify certainly.,1.0,Yes,No,Yes,Sherry,Johnson,Yes,
2023-12-31,Manning and Sons,Deploy intuitive synergies,RYM9247,Triple-buffered fault-tolerant Local Area Network,Through assume democratic by result knowledge clear since few true possible board star.,6.5,No,Yes,No,Jonathan,Norris,Yes,
2023-12-25,Allen Group,Aggregate compelling synergies,NAW7830,Distributed composite archive,Create house lawyer arm local field.,2.0,No,Yes,No,Gregory,Garrett,Yes,
2024-09-06,Wagner-Mathews,Repurpose world-class platforms,NWD2814,Re-contextualized executive orchestration,Alone southern kid environment law car treatment time.,6.2,Yes,No,Yes,Stephanie,Russell,No,
2024-06-08,Wells-Meyer,Re-intermediate dot-com interfaces,GKW4218,Integrated interactive contingency,Buy Mr film present appear west couple.,0.9,Yes,Yes,Yes,Amanda,Ramsey,Yes,http://scott-duncan.com/
2024-04-11,Riley Group,Enhance integrated web-readiness,JCQ428,Implemented demand-driven challenge,Cup enough professor energy social worry serious deep.,5.3,No,No,Yes,Angela,Gonzalez,Yes,
2024-09-28,"Page, Anderson and Wright",Implement back-end markets,JLB4087,Switchable methodical monitoring,Enter answer page expert success entire record TV foreign.,2.5,Yes,No,Yes,Christopher,Short,Yes,https://fletcher.com/
2024-01-15,Moore and Sons,Enhance next-generation e-commerce,WFP3600,Advanced clear-thinking moderator,Class surface authority town star politics market my.,3.3,No,Yes,No,Jessica,Wood,Yes,
